package,version,license_expression,metadata_source,license_file,redistribution_status,attribution_required,review_status,notes
altair,6.2.2,BSD-3-Clause,altair-6.2.2-py3-none-any.whl:METADATA,altair-6.2.2.dist-info/licenses/LICENSE,NEEDS_ATTRIBUTION,yes,NEEDS_ATTRIBUTION,Wheel license text must be bundled
anyio,4.15.1,MIT,anyio-4.15.1-py3-none-any.whl:METADATA,anyio-4.15.1.dist-info/licenses/LICENSE,NEEDS_ATTRIBUTION,yes,NEEDS_ATTRIBUTION,Agent provider runtime dependency
attrs,26.1.0,MIT,attrs-26.1.0-py3-none-any.whl:METADATA,attrs-26.1.0.dist-info/licenses/LICENSE,CLEAR,yes,CLEAR,Wheel license file located
biopython,1.87,LicenseRef-Biopython-License-Agreement,biopython-1.87-cp312-cp312-win_amd64.whl:METADATA,biopython-1.87.dist-info/licenses/LICENSE.rst,NEEDS_REVIEW,yes,NEEDS_REVIEW,Custom license terms require review before release
blinker,1.9.0,UNKNOWN,blinker-1.9.0-py3-none-any.whl:METADATA,blinker-1.9.0.dist-info/LICENSE.txt,NEEDS_REVIEW,yes,NEEDS_REVIEW,Identifier absent from wheel metadata
cachetools,7.1.6,MIT,cachetools-7.1.6-py3-none-any.whl:METADATA,cachetools-7.1.6.dist-info/licenses/LICENSE,CLEAR,yes,CLEAR,Wheel license file located
certifi,2026.7.22,MPL-2.0,certifi-2026.7.22-py3-none-any.whl:METADATA,certifi-2026.7.22.dist-info/licenses/LICENSE,NEEDS_ATTRIBUTION,yes,NEEDS_ATTRIBUTION,Redistribution text must be bundled
charset-normalizer,3.4.9,MIT,charset_normalizer-3.4.9-cp312-cp312-win_amd64.whl:METADATA,charset_normalizer-3.4.9.dist-info/licenses/LICENSE,CLEAR,yes,CLEAR,Wheel license file located
click,8.4.2,BSD-3-Clause,click-8.4.2-py3-none-any.whl:METADATA,click-8.4.2.dist-info/licenses/LICENSE.txt,CLEAR,yes,CLEAR,Wheel license file located
colorama,0.4.6,UNKNOWN,colorama-0.4.6-py2.py3-none-any.whl:METADATA,colorama-0.4.6.dist-info/licenses/LICENSE.txt,NEEDS_REVIEW,yes,NEEDS_REVIEW,Identifier absent from wheel metadata
contourpy,1.3.3,BSD-3-Clause,contourpy-1.3.3-cp312-cp312-win_amd64.whl:METADATA,contourpy-1.3.3.dist-info/LICENSE,NEEDS_ATTRIBUTION,yes,NEEDS_ATTRIBUTION,Wheel license text must be bundled
cycler,0.12.1,BSD-3-Clause,cycler-0.12.1-py3-none-any.whl:METADATA,cycler-0.12.1.dist-info/LICENSE,NEEDS_ATTRIBUTION,yes,NEEDS_ATTRIBUTION,Wheel license text must be bundled
fonttools,4.63.0,MIT,fonttools-4.63.0-cp312-cp312-win_amd64.whl:METADATA,fonttools-4.63.0.dist-info/licenses/LICENSE; fonttools-4.63.0.dist-info/licenses/LICENSE.external,NEEDS_ATTRIBUTION,yes,NEEDS_ATTRIBUTION,External component notice must be collected
h11,0.16.0,MIT,h11-0.16.0-py3-none-any.whl:METADATA,h11-0.16.0.dist-info/licenses/LICENSE.txt,CLEAR,yes,CLEAR,Agent provider HTTP dependency
httpcore,1.0.9,BSD-3-Clause,httpcore-1.0.9-py3-none-any.whl:METADATA,httpcore-1.0.9.dist-info/licenses/LICENSE.md,CLEAR,yes,CLEAR,Agent provider HTTP dependency
httpx,0.28.1,BSD-3-Clause,httpx-0.28.1-py3-none-any.whl:METADATA,httpx-0.28.1.dist-info/licenses/LICENSE.md,CLEAR,yes,CLEAR,Agent provider runtime dependency
gitdb,4.0.12,BSD,gitdb-4.0.12-py3-none-any.whl:METADATA,gitdb-4.0.12.dist-info/LICENSE,NEEDS_ATTRIBUTION,yes,NEEDS_ATTRIBUTION,Wheel license text must be bundled
gitpython,3.1.55,BSD-3-Clause,gitpython-3.1.55-py3-none-any.whl:METADATA,gitpython-3.1.55.dist-info/licenses/LICENSE,NEEDS_ATTRIBUTION,yes,NEEDS_ATTRIBUTION,Wheel license text must be bundled
idna,3.18,BSD-3-Clause,idna-3.18-py3-none-any.whl:METADATA,idna-3.18.dist-info/licenses/LICENSE.md,CLEAR,yes,CLEAR,Wheel license file located
jinja2,3.1.6,UNKNOWN,jinja2-3.1.6-py3-none-any.whl:METADATA,jinja2-3.1.6.dist-info/licenses/LICENSE.txt,NEEDS_REVIEW,yes,NEEDS_REVIEW,Identifier absent from wheel metadata
jsonschema,4.26.0,MIT,jsonschema-4.26.0-py3-none-any.whl:METADATA,jsonschema-4.26.0.dist-info/licenses/COPYING,CLEAR,yes,CLEAR,Wheel license file located
jsonschema-specifications,2025.9.1,MIT,jsonschema_specifications-2025.9.1-py3-none-any.whl:METADATA,jsonschema_specifications-2025.9.1.dist-info/licenses/COPYING,CLEAR,yes,CLEAR,Wheel license file located
kiwisolver,1.5.0,BSD-3-Clause,kiwisolver-1.5.0-cp312-cp312-win_amd64.whl:METADATA,kiwisolver-1.5.0.dist-info/licenses/LICENSE,NEEDS_ATTRIBUTION,yes,NEEDS_ATTRIBUTION,Wheel license text must be bundled
markupsafe,3.0.3,BSD-3-Clause,markupsafe-3.0.3-cp312-cp312-win_amd64.whl:METADATA,markupsafe-3.0.3.dist-info/licenses/LICENSE.txt,CLEAR,yes,CLEAR,Wheel license file located
matplotlib,3.8.4,PSF plus bundled notices,matplotlib-3.8.4-cp312-cp312-win_amd64.whl:METADATA,matplotlib-3.8.4.dist-info/LICENSE plus 11 bundled LICENSE_* files,NEEDS_ATTRIBUTION,yes,NEEDS_ATTRIBUTION,Nested font color palette Qhull and JavaScript notices remain to be collected
narwhals,2.24.0,MIT,narwhals-2.24.0-py3-none-any.whl:METADATA,narwhals-2.24.0.dist-info/licenses/LICENSE.md,CLEAR,yes,CLEAR,Wheel license file located
numpy,1.26.4,BSD-3-Clause plus bundled notices,numpy-1.26.4-cp312-cp312-win_amd64.whl:METADATA,numpy-1.26.4.dist-info/LICENSE.txt,NEEDS_ATTRIBUTION,yes,NEEDS_ATTRIBUTION,OpenBLAS LAPACK GCC runtime and libquadmath notices remain to be collected
packaging,26.2,Apache-2.0 OR BSD-2-Clause,packaging-26.2-py3-none-any.whl:METADATA,packaging-26.2.dist-info/licenses/LICENSE; LICENSE.APACHE; LICENSE.BSD,NEEDS_ATTRIBUTION,yes,NEEDS_ATTRIBUTION,License choice and texts must be bundled
pandas,2.2.2,BSD-3-Clause,pandas-2.2.2-cp312-cp312-win_amd64.whl:METADATA,pandas-2.2.2.dist-info/LICENSE,NEEDS_ATTRIBUTION,yes,NEEDS_ATTRIBUTION,Wheel license text and bundled component notices must be checked
pillow,12.3.0,MIT-CMU,pillow-12.3.0-cp312-cp312-win_amd64.whl:METADATA,pillow-12.3.0.dist-info/licenses/LICENSE,NEEDS_ATTRIBUTION,yes,NEEDS_ATTRIBUTION,Native codec notices must be checked in P0-B2B artifact
protobuf,6.33.6,BSD-3-Clause,protobuf-6.33.6-cp310-abi3-win_amd64.whl:METADATA,protobuf-6.33.6.dist-info/LICENSE,NEEDS_ATTRIBUTION,yes,NEEDS_ATTRIBUTION,Wheel license text must be bundled
pyarrow,25.0.0,Apache-2.0,pyarrow-25.0.0-cp312-cp312-win_amd64.whl:METADATA,pyarrow-25.0.0.dist-info/licenses/LICENSE.txt; NOTICE.txt,NEEDS_ATTRIBUTION,yes,NEEDS_ATTRIBUTION,LICENSE and NOTICE must be bundled
pydeck,0.9.3,Apache-2.0,pydeck-0.9.3-py2.py3-none-any.whl:METADATA,pydeck-0.9.3.dist-info/licenses/LICENSE.txt,NEEDS_ATTRIBUTION,yes,NEEDS_ATTRIBUTION,Wheel license text must be bundled
pyparsing,3.3.2,MIT,pyparsing-3.3.2-py3-none-any.whl:METADATA,pyparsing-3.3.2.dist-info/licenses/LICENSE,CLEAR,yes,CLEAR,Wheel license file located
python-dateutil,2.9.0.post0,Dual License,python_dateutil-2.9.0.post0-py2.py3-none-any.whl:METADATA,python_dateutil-2.9.0.post0.dist-info/LICENSE,NEEDS_REVIEW,yes,NEEDS_REVIEW,License choice requires review
pytz,2026.2,MIT,pytz-2026.2-py2.py3-none-any.whl:METADATA,pytz-2026.2.dist-info/LICENSE.txt,CLEAR,yes,CLEAR,Wheel license file located
referencing,0.37.0,MIT,referencing-0.37.0-py3-none-any.whl:METADATA,referencing-0.37.0.dist-info/licenses/COPYING,CLEAR,yes,CLEAR,Wheel license file located
requests,2.34.2,Apache-2.0,requests-2.34.2-py3-none-any.whl:METADATA,requests-2.34.2.dist-info/licenses/LICENSE; NOTICE,NEEDS_ATTRIBUTION,yes,NEEDS_ATTRIBUTION,LICENSE and NOTICE must be bundled
rpds-py,2026.6.3,MIT,rpds_py-2026.6.3-cp312-cp312-win_amd64.whl:METADATA,rpds_py-2026.6.3.dist-info/licenses/LICENSE,CLEAR,yes,CLEAR,Wheel license file located
six,1.17.0,MIT,six-1.17.0-py2.py3-none-any.whl:METADATA,six-1.17.0.dist-info/LICENSE,CLEAR,yes,CLEAR,Wheel license file located
smmap,5.0.3,BSD-3-Clause,smmap-5.0.3-py3-none-any.whl:METADATA,smmap-5.0.3.dist-info/licenses/LICENSE,NEEDS_ATTRIBUTION,yes,NEEDS_ATTRIBUTION,Wheel license text must be bundled
streamlit,1.55.0,Apache-2.0,streamlit-1.55.0-py3-none-any.whl:METADATA,NONE,NEEDS_REVIEW,yes,NEEDS_REVIEW,Wheel metadata declares Apache-2.0 but no license file is present
tenacity,9.1.4,Apache-2.0,tenacity-9.1.4-py3-none-any.whl:METADATA,tenacity-9.1.4.dist-info/licenses/LICENSE,NEEDS_ATTRIBUTION,yes,NEEDS_ATTRIBUTION,Wheel license text must be bundled
toml,0.10.2,MIT,toml-0.10.2-py2.py3-none-any.whl:METADATA,toml-0.10.2.dist-info/LICENSE,CLEAR,yes,CLEAR,Wheel license file located
tornado,6.5.7,Apache-2.0,tornado-6.5.7-cp39-abi3-win_amd64.whl:METADATA,tornado-6.5.7.dist-info/licenses/LICENSE,NEEDS_ATTRIBUTION,yes,NEEDS_ATTRIBUTION,Wheel license text must be bundled
typing-extensions,4.16.0,PSF-2.0,typing_extensions-4.16.0-py3-none-any.whl:METADATA,typing_extensions-4.16.0.dist-info/licenses/LICENSE,NEEDS_ATTRIBUTION,yes,NEEDS_ATTRIBUTION,Wheel license text must be bundled
tzdata,2026.3,Apache-2.0,tzdata-2026.3-py2.py3-none-any.whl:METADATA,tzdata-2026.3.dist-info/licenses/LICENSE; licenses/LICENSE_APACHE,NEEDS_ATTRIBUTION,yes,NEEDS_ATTRIBUTION,Timezone data and Apache text must be bundled
urllib3,2.7.0,MIT,urllib3-2.7.0-py3-none-any.whl:METADATA,urllib3-2.7.0.dist-info/licenses/LICENSE.txt,CLEAR,yes,CLEAR,Wheel license file located
watchdog,6.0.0,Apache-2.0,watchdog-6.0.0-py3-none-win_amd64.whl:METADATA,watchdog-6.0.0.dist-info/COPYING; LICENSE,NEEDS_ATTRIBUTION,yes,NEEDS_ATTRIBUTION,Wheel license texts must be bundled
