record_id,component_name,component_type,source_accession,feature_boundary,inventory_classification,current_use_path,formal_admission_state,evidence_status
V2-CMP-001,spectinomycin adenyltransferase; confers resistance to antibiotic spectinomycin,cds,AY995142.1,5079..6011 (-); CDS: spectinomycin adenyltransferase; confers resistance to antibiotic spectinomycin,REFERENCE_ONLY,NOT_AVAILABLE_IN_FROZEN_SOURCE,NOT_FORMALLY_ADMITTED,NOT_AVAILABLE_IN_FROZEN_SOURCE
V2-CMP-002,aadA1; streptomycin 3''-adenyltransferase; adenyltransferase; spectinomycin and streptomycin resistance,cds,EF042581.1,37935..38726 (+); CDS: aadA1; streptomycin 3''-adenyltransferase; adenyltransferase; spectinomycin and streptomycin resistance,REFERENCE_ONLY,NOT_AVAILABLE_IN_FROZEN_SOURCE,NOT_FORMALLY_ADMITTED,NOT_AVAILABLE_IN_FROZEN_SOURCE
V2-CMP-003,put. AAD (3)(9) precursor,cds,X02340.1,223..1194 (+); CDS: put. AAD (3)(9) precursor,REFERENCE_ONLY,NOT_AVAILABLE_IN_FROZEN_SOURCE,NOT_FORMALLY_ADMITTED,NOT_AVAILABLE_IN_FROZEN_SOURCE
V2-CMP-004,ACT7; promoter,promoter,AF308778.1,1..1202 (+); regulatory: ACT7; promoter,USER_SEQUENCE_ASSISTED,NOT_AVAILABLE_IN_FROZEN_SOURCE,NOT_FORMALLY_ADMITTED,NOT_AVAILABLE_IN_FROZEN_SOURCE
V2-CMP-005,actin; contains promoter and 5'UTR,promoter,KP030799.1,1..1045 (+); misc_feature: actin; contains promoter and 5'UTR,RETIRED,NOT_AVAILABLE_IN_FROZEN_SOURCE,NOT_FORMALLY_ADMITTED,NOT_AVAILABLE_IN_FROZEN_SOURCE
V2-CMP-006,"Oryza sativa (japonica cultivar-group) actin 2 (Act2) gene, promoter region",promoter,EU098000.1,1..2595 (+); host_promoter_record,USER_SEQUENCE_ASSISTED,NOT_AVAILABLE_IN_FROZEN_SOURCE,NOT_FORMALLY_ADMITTED,NOT_AVAILABLE_IN_FROZEN_SOURCE
V2-CMP-007,phosphinothricin acetyl transferase; confers resistance to herbicide BASTA,cds,AY995142.1,11226..11777 (+); CDS: phosphinothricin acetyl transferase; confers resistance to herbicide BASTA,REFERENCE_ONLY,NOT_AVAILABLE_IN_FROZEN_SOURCE,NOT_FORMALLY_ADMITTED,NOT_AVAILABLE_IN_FROZEN_SOURCE
V2-CMP-008,bcsp; seed-specific promoter; contains promoter and 5' UTR,promoter,AY605542.1,1..649 (+); misc_feature: bcsp; seed-specific promoter; contains promoter and 5' UTR,RETIRED,NOT_AVAILABLE_IN_FROZEN_SOURCE,NOT_FORMALLY_ADMITTED,NOT_AVAILABLE_IN_FROZEN_SOURCE
V2-CMP-009,CaMV35S eukaryotic promoter; promoter,promoter,AF354045.1,11303..11840 (+); regulatory: CaMV35S eukaryotic promoter; promoter,REFERENCE_ONLY,NOT_AVAILABLE_IN_FROZEN_SOURCE,NOT_FORMALLY_ADMITTED,NOT_AVAILABLE_IN_FROZEN_SOURCE
V2-CMP-010,CaMV35Sx2; CaMV35S eukaryotic promoter with duplicated enhancer region; promoter,promoter,AF354046.1,10891..11084 (-); regulatory: CaMV35Sx2; CaMV35S eukaryotic promoter with duplicated enhancer region; promoter,REFERENCE_ONLY,NOT_AVAILABLE_IN_FROZEN_SOURCE,NOT_FORMALLY_ADMITTED,NOT_AVAILABLE_IN_FROZEN_SOURCE
V2-CMP-011,CaMV35S; strong constitutive promoter from cauliflower mosaic virus; promoter,promoter,OR797712.1,13290..13635 (+); regulatory: CaMV35S; strong constitutive promoter from cauliflower mosaic virus; promoter,REFERENCE_ONLY,NOT_AVAILABLE_IN_FROZEN_SOURCE,NOT_FORMALLY_ADMITTED,NOT_AVAILABLE_IN_FROZEN_SOURCE
V2-CMP-012,-46 to +12 of 35S promoter; promoter,promoter,AF309825.2,4131..4189 (+); regulatory: -46 to +12 of 35S promoter; promoter,REFERENCE_ONLY,NOT_AVAILABLE_IN_FROZEN_SOURCE,NOT_FORMALLY_ADMITTED,NOT_AVAILABLE_IN_FROZEN_SOURCE
V2-CMP-013,35S cauliflower mosaic virus promoter; promoter,promoter,AY995142.1,6946..7700 (+); regulatory: 35S cauliflower mosaic virus promoter; promoter,REFERENCE_ONLY,NOT_AVAILABLE_IN_FROZEN_SOURCE,NOT_FORMALLY_ADMITTED,NOT_AVAILABLE_IN_FROZEN_SOURCE
V2-CMP-014,CaMV polyA signal; cauliflower mosaic virus polyadenylation signal; polyA_signal_sequence,three_prime_regulatory_region,OR797711.1,8727..8901 (+); regulatory: CaMV polyA signal; cauliflower mosaic virus polyadenylation signal; polyA_signal_sequence,REFERENCE_ONLY,NOT_AVAILABLE_IN_FROZEN_SOURCE,NOT_FORMALLY_ADMITTED,NOT_AVAILABLE_IN_FROZEN_SOURCE
V2-CMP-015,35S promoter; promoter,promoter,AB752375.1,330..1079 (+); regulatory: 35S promoter; promoter,REFERENCE_ONLY,NOT_AVAILABLE_IN_FROZEN_SOURCE,NOT_FORMALLY_ADMITTED,NOT_AVAILABLE_IN_FROZEN_SOURCE
V2-CMP-016,35S cauliflower mosaic virus terminator; terminator,terminator,AY995142.1,10565..10775 (+); regulatory: 35S cauliflower mosaic virus terminator; terminator,REFERENCE_ONLY,NOT_AVAILABLE_IN_FROZEN_SOURCE,NOT_FORMALLY_ADMITTED,NOT_AVAILABLE_IN_FROZEN_SOURCE
V2-CMP-017,35S promoter; promoter,promoter,AB289771.1,10024..10462 (-); regulatory: 35S promoter; promoter,REFERENCE_ONLY,NOT_AVAILABLE_IN_FROZEN_SOURCE,NOT_FORMALLY_ADMITTED,NOT_AVAILABLE_IN_FROZEN_SOURCE
V2-CMP-018,CaMV35S; 35S promoter from CaMV; promoter,promoter,AF234296.1,7934..8714 (-); regulatory: CaMV35S; 35S promoter from CaMV; promoter,REFERENCE_ONLY,NOT_AVAILABLE_IN_FROZEN_SOURCE,NOT_FORMALLY_ADMITTED,NOT_AVAILABLE_IN_FROZEN_SOURCE
V2-CMP-019,CaMV35Sx2; CaMV35S eukaryotic promoter with duplicated enhancer region; promoter,promoter,AF354045.1,10009..10816 (-); regulatory: CaMV35Sx2; CaMV35S eukaryotic promoter with duplicated enhancer region; promoter,REFERENCE_ONLY,NOT_AVAILABLE_IN_FROZEN_SOURCE,NOT_FORMALLY_ADMITTED,NOT_AVAILABLE_IN_FROZEN_SOURCE
V2-CMP-020,CaMV 35S terminator; terminator,terminator,KT985054.1,5564..5738 (+); regulatory: CaMV 35S terminator; terminator,REFERENCE_ONLY,NOT_AVAILABLE_IN_FROZEN_SOURCE,NOT_FORMALLY_ADMITTED,NOT_AVAILABLE_IN_FROZEN_SOURCE
V2-CMP-021,CaMV35S; 35S promoter from CaMV; promoter,promoter,OR797712.1,11042..11876 (+); regulatory: CaMV35S; 35S promoter from CaMV; promoter,REFERENCE_ONLY,NOT_AVAILABLE_IN_FROZEN_SOURCE,NOT_FORMALLY_ADMITTED,NOT_AVAILABLE_IN_FROZEN_SOURCE
V2-CMP-022,cauliflower mosaic virus 35S poly(A) signal; polyA_signal_sequence,three_prime_regulatory_region,DQ370426.1,9110..9318 (-); regulatory: cauliflower mosaic virus 35S poly(A) signal; polyA_signal_sequence,REFERENCE_ONLY,NOT_AVAILABLE_IN_FROZEN_SOURCE,NOT_FORMALLY_ADMITTED,NOT_AVAILABLE_IN_FROZEN_SOURCE
V2-CMP-023,CaMV 3'UTR (polyA signal),three_prime_regulatory_region,AF234296.1,6649..6857 (+); misc_feature: CaMV 3'UTR (polyA signal),REFERENCE_ONLY,NOT_AVAILABLE_IN_FROZEN_SOURCE,NOT_FORMALLY_ADMITTED,NOT_AVAILABLE_IN_FROZEN_SOURCE
V2-CMP-024,CaMV 35S promoter (enhanced); cauliflower mosaic virus 35S promoter with a duplicated enhancer region; promoter,promoter,OR797711.1,10034..10711 (-); regulatory: CaMV 35S promoter (enhanced); cauliflower mosaic virus 35S promoter with a duplicated enhancer region; promoter,REFERENCE_ONLY,NOT_AVAILABLE_IN_FROZEN_SOURCE,NOT_FORMALLY_ADMITTED,NOT_AVAILABLE_IN_FROZEN_SOURCE
V2-CMP-025,"Synthetic construct photo-switchable cyan fluorescent protein gene, complete cds",cds,AY533824.1,1..729 (+); CDS: photo-switchable cyan fluorescent protein; PS-CFP; photoconversion from cyan to green fluorescence; both excitation and emission spectra change in response to 400 nm light irradiation | 1..729 (+); isolated_complete_component_record,USER_SEQUENCE_ASSISTED,NOT_AVAILABLE_IN_FROZEN_SOURCE,NOT_FORMALLY_ADMITTED,NOT_AVAILABLE_IN_FROZEN_SOURCE
V2-CMP-026,"Synthetic construct monomeric superfolder cyan fluorescent protein gene, complete cds",cds,MH644047.1,1..717 (+); CDS: monomeric superfolder cyan fluorescent protein; msfCFPBb; codon-optimized for translation in Borrelia burgdorferi | 1..717 (+); isolated_complete_component_record,RETIRED,NOT_AVAILABLE_IN_FROZEN_SOURCE,NOT_FORMALLY_ADMITTED,NOT_AVAILABLE_IN_FROZEN_SOURCE
V2-CMP-027,"Synthetic construct cyan fluorescent protein ares gene, complete cds",cds,DQ525024.1,1..678 (+); CDS: cyan fluorescent protein ares; codon diversified version of eCFP; coding region maximally diversified from venus to avoid potential interference by RNA silencing | 1..678 (+); isolated_complete_component_record,USER_SEQUENCE_ASSISTED,NOT_AVAILABLE_IN_FROZEN_SOURCE,NOT_FORMALLY_ADMITTED,NOT_AVAILABLE_IN_FROZEN_SOURCE
V2-CMP-028,"Discosoma sp. fluorescent protein FP583 mRNA, complete cds",cds,AF168419.2,1..859 (+); isolated_complete_component_record,REFERENCE_ONLY,NOT_AVAILABLE_IN_FROZEN_SOURCE,NOT_FORMALLY_ADMITTED,NOT_AVAILABLE_IN_FROZEN_SOURCE
V2-CMP-029,dsred; Staphylococcus codon-optimized DsRed.T3(DNT),cds,JX486120.1,29..706 (+); CDS: dsred; Staphylococcus codon-optimized DsRed.T3(DNT),RETIRED,NOT_AVAILABLE_IN_FROZEN_SOURCE,NOT_FORMALLY_ADMITTED,NOT_AVAILABLE_IN_FROZEN_SOURCE
V2-CMP-030,"Solanum lycopersicum E8 gene, promoter region",promoter,MW535305.1,1..2191 (+); host_promoter_record,REFERENCE_ONLY,NOT_AVAILABLE_IN_FROZEN_SOURCE,NOT_FORMALLY_ADMITTED,NOT_AVAILABLE_IN_FROZEN_SOURCE
V2-CMP-031,"ethylene-responsive fruit ripening E8 gene, promoter and 5' flanking region",promoter,DQ317599.1,"1..2175 (+); misc_feature: ethylene-responsive fruit ripening E8 gene, promoter and 5' flanking region",RETIRED,NOT_AVAILABLE_IN_FROZEN_SOURCE,NOT_FORMALLY_ADMITTED,NOT_AVAILABLE_IN_FROZEN_SOURCE
V2-CMP-032,E8 protein,cds,X13437.1,1122..1639;2061..2382;2459..2710 (+); CDS: E8 protein,REFERENCE_ONLY,NOT_AVAILABLE_IN_FROZEN_SOURCE,NOT_FORMALLY_ADMITTED,NOT_AVAILABLE_IN_FROZEN_SOURCE
V2-CMP-033,E8; Cys protease binding element (ethylene biosynthesis); other,regulatory_or_vector_element,MW535305.1,728..735;792..799;1509..1516 (+); regulatory: E8; Cys protease binding element (ethylene biosynthesis); other,REFERENCE_ONLY,NOT_AVAILABLE_IN_FROZEN_SOURCE,NOT_FORMALLY_ADMITTED,NOT_AVAILABLE_IN_FROZEN_SOURCE
V2-CMP-034,egfp; enhanced green fluorescent protein,cds,U55763.1,613..1410 (+); CDS: egfp; enhanced green fluorescent protein,USER_SEQUENCE_ASSISTED,NOT_AVAILABLE_IN_FROZEN_SOURCE,NOT_FORMALLY_ADMITTED,NOT_AVAILABLE_IN_FROZEN_SOURCE
V2-CMP-035,egfp; enhanced green fluorescent protein,cds,U55762.1,679..1398 (+); CDS: egfp; enhanced green fluorescent protein,USER_SEQUENCE_ASSISTED,NOT_AVAILABLE_IN_FROZEN_SOURCE,NOT_FORMALLY_ADMITTED,NOT_AVAILABLE_IN_FROZEN_SOURCE
V2-CMP-036,"P.pyralis (firefly) luciferase gene, complete cds",cds,M15077.1,1..2387 (+); isolated_complete_component_record,REFERENCE_ONLY,NOT_AVAILABLE_IN_FROZEN_SOURCE,NOT_FORMALLY_ADMITTED,NOT_AVAILABLE_IN_FROZEN_SOURCE
V2-CMP-037,G10-90 promoter; promoter,promoter,AF309825.2,33..275 (+); regulatory: G10-90 promoter; promoter,REFERENCE_ONLY,NOT_AVAILABLE_IN_FROZEN_SOURCE,NOT_FORMALLY_ADMITTED,NOT_AVAILABLE_IN_FROZEN_SOURCE
V2-CMP-038,gfp; green fluorescent protein,cds,AB124780.2,33..749 (+); CDS: gfp; green fluorescent protein,REFERENCE_ONLY,NOT_AVAILABLE_IN_FROZEN_SOURCE,NOT_FORMALLY_ADMITTED,NOT_AVAILABLE_IN_FROZEN_SOURCE
V2-CMP-039,GFP,cds,OR797711.1,11841..12557 (+); CDS: GFP,RETIRED,NOT_AVAILABLE_IN_FROZEN_SOURCE,NOT_FORMALLY_ADMITTED,NOT_AVAILABLE_IN_FROZEN_SOURCE
V2-CMP-040,mutant green fluorescent protein; GFP-S65A; contains M13 primer binding sites and multiple cloning site sequences,cds,U56997.1,1..789 (-); CDS: mutant green fluorescent protein; GFP-S65A; contains M13 primer binding sites and multiple cloning site sequences,REFERENCE_ONLY,NOT_AVAILABLE_IN_FROZEN_SOURCE,NOT_FORMALLY_ADMITTED,NOT_AVAILABLE_IN_FROZEN_SOURCE
V2-CMP-041,AGP1; green fluorescent protein; from Aequorea victoria,cds,U47948.1,1..714 (-); CDS: AGP1; green fluorescent protein; from Aequorea victoria,RETIRED,NOT_AVAILABLE_IN_FROZEN_SOURCE,NOT_FORMALLY_ADMITTED,NOT_AVAILABLE_IN_FROZEN_SOURCE
V2-CMP-042,mutant green fluorescent protein; GFP-S65A; contains M13 primer binding sites and multiple cloning site sequences,cds,U56996.1,1..786 (-); CDS: mutant green fluorescent protein; GFP-S65A; contains M13 primer binding sites and multiple cloning site sequences,REFERENCE_ONLY,NOT_AVAILABLE_IN_FROZEN_SOURCE,NOT_FORMALLY_ADMITTED,NOT_AVAILABLE_IN_FROZEN_SOURCE
V2-CMP-043,beta-glucuronidase; GUSPlus-His6,cds,AF354045.1,2..16;207..2054 (+); CDS: beta-glucuronidase; GUSPlus-His6,RETIRED,NOT_AVAILABLE_IN_FROZEN_SOURCE,NOT_FORMALLY_ADMITTED,NOT_AVAILABLE_IN_FROZEN_SOURCE
V2-CMP-044,beta-glucuronidase; GRP-GusPlus-His6; GRP signal peptide from 2-81 (glycine-rich protein) for secretion of GUSPlus-His6,cds,AF354046.1,2..91;282..2129 (+); CDS: beta-glucuronidase; GRP-GusPlus-His6; GRP signal peptide from 2-81 (glycine-rich protein) for secretion of GUSPlus-His6,RETIRED,NOT_AVAILABLE_IN_FROZEN_SOURCE,NOT_FORMALLY_ADMITTED,NOT_AVAILABLE_IN_FROZEN_SOURCE
V2-CMP-045,"Synthetic construct GUSPlus gene, complete cds",cds,AF354047.1,1..1809 (+); CDS: GUSPlus; codon-optimized beta-glucuronidase from Staphylococcus sp | 1..1809 (+); isolated_complete_component_record,USER_SEQUENCE_ASSISTED,NOT_AVAILABLE_IN_FROZEN_SOURCE,NOT_FORMALLY_ADMITTED,NOT_AVAILABLE_IN_FROZEN_SOURCE
V2-CMP-046,ubiM-hptII; UbiM-HptII,cds,KT985054.1,4286..5545 (+); CDS: ubiM-hptII; UbiM-HptII,REFERENCE_ONLY,NOT_AVAILABLE_IN_FROZEN_SOURCE,NOT_FORMALLY_ADMITTED,NOT_AVAILABLE_IN_FROZEN_SOURCE
V2-CMP-047,"Synthetic construct hygromycin B phosphotransferase gene, complete cds",cds,JQ806387.2,1..1026 (+); CDS: hygromycin B phosphotransferase; codon optimized for expression in Rhodosporidium toruloides | 1..1026 (+); isolated_complete_component_record,RETIRED,NOT_AVAILABLE_IN_FROZEN_SOURCE,NOT_FORMALLY_ADMITTED,NOT_AVAILABLE_IN_FROZEN_SOURCE
V2-CMP-048,ubiM-hptII; rice ubiquitin monomer fused to HptII is a translational enhancer that is cleaved off the mature protein in eukaryotic cells,regulatory_or_vector_element,KT985054.1,4286..4511 (+); misc_feature: ubiM-hptII; rice ubiquitin monomer fused to HptII is a translational enhancer that is cleaved off the mature protein in eukaryotic cells,REFERENCE_ONLY,NOT_AVAILABLE_IN_FROZEN_SOURCE,NOT_FORMALLY_ADMITTED,NOT_AVAILABLE_IN_FROZEN_SOURCE
V2-CMP-049,hpt; hygromycin phosphotransferase,cds,AB752376.1,4410..5435 (-); CDS: hpt; hygromycin phosphotransferase,REFERENCE_ONLY,NOT_AVAILABLE_IN_FROZEN_SOURCE,NOT_FORMALLY_ADMITTED,NOT_AVAILABLE_IN_FROZEN_SOURCE
V2-CMP-050,hpt; hygromycin phosphotransferase,cds,AB289771.1,8995..10020 (-); CDS: hpt; hygromycin phosphotransferase,REFERENCE_ONLY,NOT_AVAILABLE_IN_FROZEN_SOURCE,NOT_FORMALLY_ADMITTED,NOT_AVAILABLE_IN_FROZEN_SOURCE
V2-CMP-051,"Synthetic construct hygromycin B phosphotransferase gene, complete cds",cds,MH644045.1,1..1035 (+); CDS: hygromycin B phosphotransferase; hphBb; codon-optimized for translation in Borrelia burgdorferi | 1..1035 (+); isolated_complete_component_record,RETIRED,NOT_AVAILABLE_IN_FROZEN_SOURCE,NOT_FORMALLY_ADMITTED,NOT_AVAILABLE_IN_FROZEN_SOURCE
V2-CMP-052,"Synthetic construct hygromycin B phosphotransferase (hpt-2) gene, complete cds",cds,JF412803.1,1..1026 (+); CDS: hpt-2; hygromycin B phosphotransferase; codon-optimized for expression in plant | 1..1026 (+); isolated_complete_component_record,USER_SEQUENCE_ASSISTED,NOT_AVAILABLE_IN_FROZEN_SOURCE,NOT_FORMALLY_ADMITTED,NOT_AVAILABLE_IN_FROZEN_SOURCE
V2-CMP-053,"Synthetic construct mCherry gene, complete cds",cds,MH644052.1,1..711 (+); CDS: mCherry; mCherryBb; codon-optimized for translation in Borrelia burgdorferi | 1..711 (+); isolated_complete_component_record,RETIRED,NOT_AVAILABLE_IN_FROZEN_SOURCE,NOT_FORMALLY_ADMITTED,NOT_AVAILABLE_IN_FROZEN_SOURCE
V2-CMP-054,"Synthetic construct mCherry gene for enhanced red fluorescent protein, complete cds",cds,LC716766.1,1..711 (+); CDS: mCherry; enhanced red fluorescent protein; codon-optimized for expression in tobacco | 1..711 (+); isolated_complete_component_record,USER_SEQUENCE_ASSISTED,NOT_AVAILABLE_IN_FROZEN_SOURCE,NOT_FORMALLY_ADMITTED,NOT_AVAILABLE_IN_FROZEN_SOURCE
V2-CMP-055,"Synthetic construct monomeric red fluorescent protein gene, complete cds",cds,AY678264.1,1..711 (+); CDS: monomeric red fluorescent protein; mCherry; engineered variant of monomeric red fluorescent protein mRFP1 in GenBank Accession Number AF506027; N- and C-termini replaced with equivalent residues from EGFP | 1..711 (+); isolated_complete_component_record,USER_SEQUENCE_ASSISTED,NOT_AVAILABLE_IN_FROZEN_SOURCE,NOT_FORMALLY_ADMITTED,NOT_AVAILABLE_IN_FROZEN_SOURCE
V2-CMP-056,"Synthetic construct luciferase (NanoLuc) gene, complete cds",cds,MZ727726.1,1..516 (+); CDS: NanoLuc; luciferase; a variant of Oluc-19 engineered for optimal performance as a luminescent reporter; codon optimized for insects; derived from Oplophorus gracilirostris sequence | 1..516 (+); isolated_complete_component_record,RETIRED,NOT_AVAILABLE_IN_FROZEN_SOURCE,NOT_FORMALLY_ADMITTED,NOT_AVAILABLE_IN_FROZEN_SOURCE
V2-CMP-057,Nluc; NanoLuc luciferase; codon optimized for Campylobacter jejuni,cds,OR958835.1,252..767 (+); CDS: Nluc; NanoLuc luciferase; codon optimized for Campylobacter jejuni,REFERENCE_ONLY,NOT_AVAILABLE_IN_FROZEN_SOURCE,NOT_FORMALLY_ADMITTED,NOT_AVAILABLE_IN_FROZEN_SOURCE
V2-CMP-058,Nluc; NanoLuc luciferase; codon-optimized for Streptococcus pneumoniae str. R6,cds,MH304212.1,541..1056 (+); CDS: Nluc; NanoLuc luciferase; codon-optimized for Streptococcus pneumoniae str. R6,RETIRED,NOT_AVAILABLE_IN_FROZEN_SOURCE,NOT_FORMALLY_ADMITTED,NOT_AVAILABLE_IN_FROZEN_SOURCE
V2-CMP-059,NOS terminator; terminator,terminator,AB752375.1,3998..4257 (-); regulatory: NOS terminator; terminator,REFERENCE_ONLY,NOT_AVAILABLE_IN_FROZEN_SOURCE,NOT_FORMALLY_ADMITTED,NOT_AVAILABLE_IN_FROZEN_SOURCE
V2-CMP-060,Nos; promoter,promoter,AF309825.2,2192..2524 (+); regulatory: Nos; promoter,REFERENCE_ONLY,NOT_AVAILABLE_IN_FROZEN_SOURCE,NOT_FORMALLY_ADMITTED,NOT_AVAILABLE_IN_FROZEN_SOURCE
V2-CMP-061,NOS promoter; promoter,promoter,AB752376.1,5463..5749 (-); regulatory: NOS promoter; promoter,REFERENCE_ONLY,NOT_AVAILABLE_IN_FROZEN_SOURCE,NOT_FORMALLY_ADMITTED,NOT_AVAILABLE_IN_FROZEN_SOURCE
V2-CMP-062,NOS terminator; terminator,terminator,AB752375.1,3555..3964 (+); regulatory: NOS terminator; terminator,REFERENCE_ONLY,NOT_AVAILABLE_IN_FROZEN_SOURCE,NOT_FORMALLY_ADMITTED,NOT_AVAILABLE_IN_FROZEN_SOURCE
V2-CMP-063,poly(A) signal from nopaline synthase; polyA_signal_sequence,three_prime_regulatory_region,AF354045.1,2083..2335 (+); regulatory: poly(A) signal from nopaline synthase; polyA_signal_sequence,REFERENCE_ONLY,NOT_AVAILABLE_IN_FROZEN_SOURCE,NOT_FORMALLY_ADMITTED,NOT_AVAILABLE_IN_FROZEN_SOURCE
V2-CMP-064,NOS terminator; terminator,terminator,AB752376.1,4009..4274 (-); regulatory: NOS terminator; terminator,REFERENCE_ONLY,NOT_AVAILABLE_IN_FROZEN_SOURCE,NOT_FORMALLY_ADMITTED,NOT_AVAILABLE_IN_FROZEN_SOURCE
V2-CMP-065,NOS promoter; promoter,promoter,AB752375.1,5454..5760 (-); regulatory: NOS promoter; promoter,REFERENCE_ONLY,NOT_AVAILABLE_IN_FROZEN_SOURCE,NOT_FORMALLY_ADMITTED,NOT_AVAILABLE_IN_FROZEN_SOURCE
V2-CMP-066,Nos; terminator,terminator,AF309825.2,3553..3828 (+); regulatory: Nos; terminator,REFERENCE_ONLY,NOT_AVAILABLE_IN_FROZEN_SOURCE,NOT_FORMALLY_ADMITTED,NOT_AVAILABLE_IN_FROZEN_SOURCE
V2-CMP-067,nos terminator; terminator,terminator,KT985054.1,93..345 (+); regulatory: nos terminator; terminator,REFERENCE_ONLY,NOT_AVAILABLE_IN_FROZEN_SOURCE,NOT_FORMALLY_ADMITTED,NOT_AVAILABLE_IN_FROZEN_SOURCE
V2-CMP-068,NOS promoter; promoter,promoter,AB289771.1,2519..2825 (+); regulatory: NOS promoter; promoter,REFERENCE_ONLY,NOT_AVAILABLE_IN_FROZEN_SOURCE,NOT_FORMALLY_ADMITTED,NOT_AVAILABLE_IN_FROZEN_SOURCE
V2-CMP-069,nos (nopaline synthase) 3'UTR (polyA signal),three_prime_regulatory_region,OR797712.1,12637..12898 (+); misc_feature: nos (nopaline synthase) 3'UTR (polyA signal),REFERENCE_ONLY,NOT_AVAILABLE_IN_FROZEN_SOURCE,NOT_FORMALLY_ADMITTED,NOT_AVAILABLE_IN_FROZEN_SOURCE
V2-CMP-070,codA-nptII; bifunctional CodA-NPTII fusion protein; cytosine deaminase/neomycin phosphotransferase II fusion protein; translational fusion between E. coli cytosine deaminase (codA),cds,MG818373.1,1073..3169 (-); CDS: codA-nptII; bifunctional CodA-NPTII fusion protein; cytosine deaminase/neomycin phosphotransferase II fusion protein; translational fusion between E. coli cytosine deaminase (codA) and neomycin phosphotransferase II (nptII) genes,REFERENCE_ONLY,NOT_AVAILABLE_IN_FROZEN_SOURCE,NOT_FORMALLY_ADMITTED,NOT_AVAILABLE_IN_FROZEN_SOURCE
V2-CMP-071,aminoglycoside phosphotransferase; aadA (kanamycin resistance) gene amplified from pIG121Hm,cds,AF234296.1,5338..6132 (-); CDS: aminoglycoside phosphotransferase; aadA (kanamycin resistance) gene amplified from pIG121Hm,RETIRED,NOT_AVAILABLE_IN_FROZEN_SOURCE,NOT_FORMALLY_ADMITTED,NOT_AVAILABLE_IN_FROZEN_SOURCE
V2-CMP-072,npt; neomyocin phosphotransferase; phosphotransferase; kanamycin resistance,cds,EF042581.1,36190..36984 (+); CDS: npt; neomyocin phosphotransferase; phosphotransferase; kanamycin resistance,REFERENCE_ONLY,NOT_AVAILABLE_IN_FROZEN_SOURCE,NOT_FORMALLY_ADMITTED,NOT_AVAILABLE_IN_FROZEN_SOURCE
V2-CMP-073,"Binary vector pARS3m-GUSPlus, complete sequence",vector_backbone,KT985054.1,1..10078 (+); complete_vector,RETIRED,NOT_AVAILABLE_IN_FROZEN_SOURCE,NOT_FORMALLY_ADMITTED,NOT_AVAILABLE_IN_FROZEN_SOURCE
V2-CMP-074,"Cloning vector pCTAGII-GUSPlus, complete sequence",vector_backbone,MG818373.1,1..13372 (+); complete_vector,REFERENCE_ONLY,NOT_AVAILABLE_IN_FROZEN_SOURCE,NOT_FORMALLY_ADMITTED,NOT_AVAILABLE_IN_FROZEN_SOURCE
V2-CMP-075,"Binary vector pBin19 35S attR-YFP, complete sequence",vector_backbone,AY995145.1,1..16537 (+); complete_vector,REFERENCE_ONLY,NOT_AVAILABLE_IN_FROZEN_SOURCE,NOT_FORMALLY_ADMITTED,NOT_AVAILABLE_IN_FROZEN_SOURCE
V2-CMP-076,"Binary vector pBin19 35S YFP-attR, complete sequence",vector_backbone,AY995144.1,1..16662 (+); complete_vector,REFERENCE_ONLY,NOT_AVAILABLE_IN_FROZEN_SOURCE,NOT_FORMALLY_ADMITTED,NOT_AVAILABLE_IN_FROZEN_SOURCE
V2-CMP-077,"Binary vector pBI121, complete sequence",vector_backbone,AF485783.1,1..14758 (+); complete_vector,RETIRED,NOT_AVAILABLE_IN_FROZEN_SOURCE,NOT_FORMALLY_ADMITTED,NOT_AVAILABLE_IN_FROZEN_SOURCE
V2-CMP-078,"Binary vector pCAMBIA-1305.2, complete sequence",vector_backbone,AF354046.1,1..11921 (+); complete_vector,RETIRED,NOT_AVAILABLE_IN_FROZEN_SOURCE,NOT_FORMALLY_ADMITTED,NOT_AVAILABLE_IN_FROZEN_SOURCE
V2-CMP-079,"Binary vector pCAMBIA 1301-GFP-alpha tubulin, complete sequence",vector_backbone,OR797711.1,1..14209 (+); complete_vector,REFERENCE_ONLY,NOT_AVAILABLE_IN_FROZEN_SOURCE,NOT_FORMALLY_ADMITTED,NOT_AVAILABLE_IN_FROZEN_SOURCE
V2-CMP-080,"Binary vector pCAMBIA-1305.1, complete sequence",vector_backbone,AF354045.1,1..11846 (+); complete_vector,RETIRED,NOT_AVAILABLE_IN_FROZEN_SOURCE,NOT_FORMALLY_ADMITTED,NOT_AVAILABLE_IN_FROZEN_SOURCE
V2-CMP-081,"Cloning vector pCAMBIA 1380-syn-pds-int, complete sequence",vector_backbone,MF769401.2,1..9596 (+); complete_vector,RETIRED,NOT_AVAILABLE_IN_FROZEN_SOURCE,NOT_FORMALLY_ADMITTED,NOT_AVAILABLE_IN_FROZEN_SOURCE
V2-CMP-082,"Cloning vector pCAMBIA5105, complete sequence",vector_backbone,EF042581.1,1..49756 (+); complete_vector,REFERENCE_ONLY,NOT_AVAILABLE_IN_FROZEN_SOURCE,NOT_FORMALLY_ADMITTED,NOT_AVAILABLE_IN_FROZEN_SOURCE
V2-CMP-083,"Binary vector pCAMBIA 1301-GFP-alpha tubulin-mcherry, complete sequence",vector_backbone,OR797712.1,1..16020 (+); complete_vector,REFERENCE_ONLY,NOT_AVAILABLE_IN_FROZEN_SOURCE,NOT_FORMALLY_ADMITTED,NOT_AVAILABLE_IN_FROZEN_SOURCE
V2-CMP-084,pea 3A; terminator,terminator,AF309825.2,4248..4717 (+); regulatory: pea 3A; terminator,REFERENCE_ONLY,NOT_AVAILABLE_IN_FROZEN_SOURCE,NOT_FORMALLY_ADMITTED,NOT_AVAILABLE_IN_FROZEN_SOURCE
V2-CMP-085,"Cloning vector pGreen DNA, complete sequence",vector_backbone,AB124780.2,1..3498 (+); complete_vector,REFERENCE_ONLY,NOT_AVAILABLE_IN_FROZEN_SOURCE,NOT_FORMALLY_ADMITTED,NOT_AVAILABLE_IN_FROZEN_SOURCE
V2-CMP-086,"Cloning vector pSoup, complete sequence",vector_backbone,EU048870.1,1..9275 (+); complete_vector,RETIRED,NOT_AVAILABLE_IN_FROZEN_SOURCE,NOT_FORMALLY_ADMITTED,NOT_AVAILABLE_IN_FROZEN_SOURCE
V2-CMP-087,Cloning vector pGreen A19 complete sequence,vector_backbone,U56997.1,1..2942 (+); complete_vector,REFERENCE_ONLY,NOT_AVAILABLE_IN_FROZEN_SOURCE,NOT_FORMALLY_ADMITTED,NOT_AVAILABLE_IN_FROZEN_SOURCE
V2-CMP-088,"Cloning vector pGreen 19 complete sequence, including green fluorescent protein (AGP1) mRNA, partial cds",vector_backbone,U47949.1,1..2942 (+); complete_vector,RETIRED,NOT_AVAILABLE_IN_FROZEN_SOURCE,NOT_FORMALLY_ADMITTED,NOT_AVAILABLE_IN_FROZEN_SOURCE
V2-CMP-089,"Cloning vector pGreen 18, complete sequence, including green fluorescent protein (AGP1) mRNA, partial cds",vector_backbone,U47948.1,1..2939 (+); complete_vector,REFERENCE_ONLY,NOT_AVAILABLE_IN_FROZEN_SOURCE,NOT_FORMALLY_ADMITTED,NOT_AVAILABLE_IN_FROZEN_SOURCE
V2-CMP-090,Cloning vector pGreen A18 complete sequence,vector_backbone,U56996.1,1..2939 (+); complete_vector,REFERENCE_ONLY,NOT_AVAILABLE_IN_FROZEN_SOURCE,NOT_FORMALLY_ADMITTED,NOT_AVAILABLE_IN_FROZEN_SOURCE
V2-CMP-091,"Gateway binary vector pGWB480omega DNA, complete sequence",vector_backbone,AB752375.1,1..12333 (+); complete_vector,REFERENCE_ONLY,NOT_AVAILABLE_IN_FROZEN_SOURCE,NOT_FORMALLY_ADMITTED,NOT_AVAILABLE_IN_FROZEN_SOURCE
V2-CMP-092,"Gateway binary vector pGWB580omega DNA, complete sequence",vector_backbone,AB752376.1,1..12650 (+); complete_vector,REFERENCE_ONLY,NOT_AVAILABLE_IN_FROZEN_SOURCE,NOT_FORMALLY_ADMITTED,NOT_AVAILABLE_IN_FROZEN_SOURCE
V2-CMP-093,"Cloning vector pGWB-nLUC, complete sequence",vector_backbone,MW557526.1,1..13430 (+); complete_vector,RETIRED,NOT_AVAILABLE_IN_FROZEN_SOURCE,NOT_FORMALLY_ADMITTED,NOT_AVAILABLE_IN_FROZEN_SOURCE
V2-CMP-094,"Cloning vector pGWB-cLUC, complete sequence",vector_backbone,MW557527.1,1..12656 (+); complete_vector,RETIRED,NOT_AVAILABLE_IN_FROZEN_SOURCE,NOT_FORMALLY_ADMITTED,NOT_AVAILABLE_IN_FROZEN_SOURCE
V2-CMP-095,"Binary cloning vector pPZP211 for plant transformation, complete sequence",vector_backbone,U10490.1,1..9014 (+); complete_vector,RETIRED,NOT_AVAILABLE_IN_FROZEN_SOURCE,NOT_FORMALLY_ADMITTED,NOT_AVAILABLE_IN_FROZEN_SOURCE
V2-CMP-096,"Binary vector pPZP 35S attR-hRluc, complete sequence",vector_backbone,AY995143.1,1..12416 (+); complete_vector,REFERENCE_ONLY,NOT_AVAILABLE_IN_FROZEN_SOURCE,NOT_FORMALLY_ADMITTED,NOT_AVAILABLE_IN_FROZEN_SOURCE
V2-CMP-097,"Binary vector pPZP 35S hRluc-attR, complete sequence",vector_backbone,AY995142.1,1..12483 (+); complete_vector,REFERENCE_ONLY,NOT_AVAILABLE_IN_FROZEN_SOURCE,NOT_FORMALLY_ADMITTED,NOT_AVAILABLE_IN_FROZEN_SOURCE
V2-CMP-098,"rbcS; ribulose-1,5-bisphosphate carboxylase small subunit promoter region and 5'UTR",promoter,AY583764.1,"1..2753 (+); misc_feature: rbcS; ribulose-1,5-bisphosphate carboxylase small subunit promoter region and 5'UTR",RETIRED,NOT_AVAILABLE_IN_FROZEN_SOURCE,NOT_FORMALLY_ADMITTED,NOT_AVAILABLE_IN_FROZEN_SOURCE
V2-CMP-099,rbcS; promoter,promoter,KU162868.1,1..1243 (+); regulatory: rbcS; promoter,USER_SEQUENCE_ASSISTED,NOT_AVAILABLE_IN_FROZEN_SOURCE,NOT_FORMALLY_ADMITTED,NOT_AVAILABLE_IN_FROZEN_SOURCE
V2-CMP-100,Rd29A; promoter,promoter,MK355395.1,1..1607 (+); regulatory: Rd29A; promoter,RETIRED,NOT_AVAILABLE_IN_FROZEN_SOURCE,NOT_FORMALLY_ADMITTED,NOT_AVAILABLE_IN_FROZEN_SOURCE
V2-CMP-101,RD29A; promoter,promoter,MK618562.1,1..531 (-); regulatory: RD29A; promoter,RETIRED,NOT_AVAILABLE_IN_FROZEN_SOURCE,NOT_FORMALLY_ADMITTED,NOT_AVAILABLE_IN_FROZEN_SOURCE
V2-CMP-102,"Renilla reniformis luciferase mRNA, complete cds",cds,M63501.1,1..1196 (+); isolated_complete_component_record,REFERENCE_ONLY,NOT_AVAILABLE_IN_FROZEN_SOURCE,NOT_FORMALLY_ADMITTED,NOT_AVAILABLE_IN_FROZEN_SOURCE
V2-CMP-103,renilla luciferase; human codon optimized renilla luciferase reporter,cds,AY995143.1,9555..10499 (+); CDS: renilla luciferase; human codon optimized renilla luciferase reporter,REFERENCE_ONLY,NOT_AVAILABLE_IN_FROZEN_SOURCE,NOT_FORMALLY_ADMITTED,NOT_AVAILABLE_IN_FROZEN_SOURCE
V2-CMP-104,renilla luciferase; human codon optimized renilla luciferase reporter,cds,AY995142.1,7851..8825 (+); CDS: renilla luciferase; human codon optimized renilla luciferase reporter,REFERENCE_ONLY,NOT_AVAILABLE_IN_FROZEN_SOURCE,NOT_FORMALLY_ADMITTED,NOT_AVAILABLE_IN_FROZEN_SOURCE
V2-CMP-105,Reg2; promoter,promoter,AY427562.1,1..1252 (+); regulatory: Reg2; promoter,RETIRED,NOT_AVAILABLE_IN_FROZEN_SOURCE,NOT_FORMALLY_ADMITTED,NOT_AVAILABLE_IN_FROZEN_SOURCE
V2-CMP-106,seed storage 26 kDa alpha globulin; contains promoter and 5' UTR,promoter,AY427575.1,1..981 (+); misc_feature: seed storage 26 kDa alpha globulin; contains promoter and 5' UTR,RETIRED,NOT_AVAILABLE_IN_FROZEN_SOURCE,NOT_FORMALLY_ADMITTED,NOT_AVAILABLE_IN_FROZEN_SOURCE
V2-CMP-107,seed storage globulin; contains promoter region and 5' UTR,promoter,KX018119.1,1..989 (+); misc_feature: seed storage globulin; contains promoter region and 5' UTR,RETIRED,NOT_AVAILABLE_IN_FROZEN_SOURCE,NOT_FORMALLY_ADMITTED,NOT_AVAILABLE_IN_FROZEN_SOURCE
V2-CMP-108,omega translational enhancer,five_prime_utr,AB752375.1,1091..1157 (+); misc_feature: omega translational enhancer,REFERENCE_ONLY,NOT_AVAILABLE_IN_FROZEN_SOURCE,NOT_FORMALLY_ADMITTED,NOT_AVAILABLE_IN_FROZEN_SOURCE
V2-CMP-109,Arabidopsis ubiquitin 10 promoter and 5' intron; promoter,promoter,MG818373.1,3177..3978 (-); regulatory: Arabidopsis ubiquitin 10 promoter and 5' intron; promoter,REFERENCE_ONLY,NOT_AVAILABLE_IN_FROZEN_SOURCE,NOT_FORMALLY_ADMITTED,NOT_AVAILABLE_IN_FROZEN_SOURCE
V2-CMP-110,rubq2; promoter,promoter,AF484682.1,1..613 (+); regulatory: rubq2; promoter,RETIRED,NOT_AVAILABLE_IN_FROZEN_SOURCE,NOT_FORMALLY_ADMITTED,NOT_AVAILABLE_IN_FROZEN_SOURCE
V2-CMP-111,rice ubiquitin 2 promoter; RUBQ2; promoter,promoter,KT985054.1,2577..4285 (+); regulatory: rice ubiquitin 2 promoter; RUBQ2; promoter,REFERENCE_ONLY,NOT_AVAILABLE_IN_FROZEN_SOURCE,NOT_FORMALLY_ADMITTED,NOT_AVAILABLE_IN_FROZEN_SOURCE
V2-CMP-112,"Synthetic construct yellow fluorescent protein gene, complete cds",cds,OR681994.1,1..756 (+); CDS: yellow fluorescent protein | 1..756 (+); isolated_complete_component_record,USER_SEQUENCE_ASSISTED,NOT_AVAILABLE_IN_FROZEN_SOURCE,NOT_FORMALLY_ADMITTED,NOT_AVAILABLE_IN_FROZEN_SOURCE
V2-CMP-113,"Synthetic construct mVenus gene for enhanced yellow fluorescent protein, complete cds",cds,LC716765.1,1..720 (+); CDS: mVenus; enhanced yellow fluorescent protein; codon-optimized for expression in tobacco | 1..720 (+); isolated_complete_component_record,USER_SEQUENCE_ASSISTED,NOT_AVAILABLE_IN_FROZEN_SOURCE,NOT_FORMALLY_ADMITTED,NOT_AVAILABLE_IN_FROZEN_SOURCE
V2-CMP-114,EYFP; yellow fluorescent protein reporter,cds,AY995144.1,10033..10791 (-); CDS: EYFP; yellow fluorescent protein reporter,REFERENCE_ONLY,NOT_AVAILABLE_IN_FROZEN_SOURCE,NOT_FORMALLY_ADMITTED,NOT_AVAILABLE_IN_FROZEN_SOURCE
V2-CMP-115,"Synthetic construct monomeric yellow fluorescent protein gene, complete cds",cds,AY678271.1,1..678 (+); CDS: monomeric yellow fluorescent protein; mHoneydew; engineered variant of monomeric red fluorescent protein mRFP1 in GenBank Accession Number AF506027 | 1..678 (+); isolated_complete_component_record,USER_SEQUENCE_ASSISTED,NOT_AVAILABLE_IN_FROZEN_SOURCE,NOT_FORMALLY_ADMITTED,NOT_AVAILABLE_IN_FROZEN_SOURCE
V2-CMP-116,EYFP; yellow fluorescent protein reporter,cds,AY995145.1,8234..8962 (-); CDS: EYFP; yellow fluorescent protein reporter,REFERENCE_ONLY,NOT_AVAILABLE_IN_FROZEN_SOURCE,NOT_FORMALLY_ADMITTED,NOT_AVAILABLE_IN_FROZEN_SOURCE
V2-CMP-117,"Synthetic construct monomeric superfolder yellow fluorescent protein gene, complete cds",cds,MH644051.1,1..717 (+); CDS: monomeric superfolder yellow fluorescent protein; msfYFPBb; codon-optimized for translation in Borrelia burgdorferi | 1..717 (+); isolated_complete_component_record,RETIRED,NOT_AVAILABLE_IN_FROZEN_SOURCE,NOT_FORMALLY_ADMITTED,NOT_AVAILABLE_IN_FROZEN_SOURCE
V2-CMP-118,CaMV 35S polyadenylation region (212 bp feature),three_prime_regulatory_region,DQ370426.1,NOT_AVAILABLE_IN_FROZEN_SOURCE,REFERENCE_ONLY,NOT_AVAILABLE_IN_FROZEN_SOURCE,NOT_FORMALLY_ADMITTED,NOT_AVAILABLE_IN_FROZEN_SOURCE
V2-CMP-119,Tomato E8 transcript 3' region,three_prime_regulatory_region,X13437.1,NOT_AVAILABLE_IN_FROZEN_SOURCE,REFERENCE_ONLY,NOT_AVAILABLE_IN_FROZEN_SOURCE,NOT_FORMALLY_ADMITTED,NOT_AVAILABLE_IN_FROZEN_SOURCE
V2-CMP-120,Vicia faba legumin B transcript 3' region,three_prime_regulatory_region,X03677.1,NOT_AVAILABLE_IN_FROZEN_SOURCE,REFERENCE_ONLY,NOT_AVAILABLE_IN_FROZEN_SOURCE,NOT_FORMALLY_ADMITTED,NOT_AVAILABLE_IN_FROZEN_SOURCE
V2-CMP-121,NOS 3-prime regulatory region (253 bp feature),three_prime_regulatory_region,AF485783.1,NOT_AVAILABLE_IN_FROZEN_SOURCE,REFERENCE_ONLY,NOT_AVAILABLE_IN_FROZEN_SOURCE,NOT_FORMALLY_ADMITTED,NOT_AVAILABLE_IN_FROZEN_SOURCE
V2-CMP-122,NOS 3-prime regulatory region,three_prime_regulatory_region,AF485783.1,NOT_AVAILABLE_IN_FROZEN_SOURCE,REFERENCE_ONLY,NOT_AVAILABLE_IN_FROZEN_SOURCE,NOT_FORMALLY_ADMITTED,NOT_AVAILABLE_IN_FROZEN_SOURCE
V2-CMP-123,Mirabilis jalapa cDOPA5GT native 5' UTR,five_prime_utr,AB182643.1,NOT_AVAILABLE_IN_FROZEN_SOURCE,REFERENCE_ONLY,NOT_AVAILABLE_IN_FROZEN_SOURCE,NOT_FORMALLY_ADMITTED,NOT_AVAILABLE_IN_FROZEN_SOURCE
V2-CMP-124,Beta vulgaris CYP76AD1 native 5' UTR,five_prime_utr,HQ656023.1,NOT_AVAILABLE_IN_FROZEN_SOURCE,REFERENCE_ONLY,NOT_AVAILABLE_IN_FROZEN_SOURCE,NOT_FORMALLY_ADMITTED,NOT_AVAILABLE_IN_FROZEN_SOURCE
V2-CMP-125,Beta vulgaris DODA1 native 5' UTR,five_prime_utr,HQ656027.1,NOT_AVAILABLE_IN_FROZEN_SOURCE,REFERENCE_ONLY,NOT_AVAILABLE_IN_FROZEN_SOURCE,NOT_FORMALLY_ADMITTED,NOT_AVAILABLE_IN_FROZEN_SOURCE
V2-CMP-126,Tomato E8 native 5' UTR (39 bp feature),five_prime_utr,KJ561284.1,NOT_AVAILABLE_IN_FROZEN_SOURCE,REFERENCE_ONLY,NOT_AVAILABLE_IN_FROZEN_SOURCE,NOT_FORMALLY_ADMITTED,NOT_AVAILABLE_IN_FROZEN_SOURCE
V2-CMP-127,Tobacco etch virus translation leader (136 bp feature),five_prime_utr,DQ370426.1,NOT_AVAILABLE_IN_FROZEN_SOURCE,REFERENCE_ONLY,NOT_AVAILABLE_IN_FROZEN_SOURCE,NOT_FORMALLY_ADMITTED,NOT_AVAILABLE_IN_FROZEN_SOURCE
V2-CMP-128,bar phosphinothricin acetyltransferase CDS,cds,X17220.1,"{""crosses_origin"": false, ""end_one_based_inclusive"": 582, ""extraction"": ""zero-based half-open slice from parsed GenBank record"", ""feature_label"": ""phosphinothricin acetyltransferase"", ""feature_type"": ""CDS"", ""method"": ""GenBank CDS feature coordinates"", ""reverse_complemented"": false, ""start_one_based"": 31, ""strand"": ""+""}",USER_SEQUENCE_ASSISTED,NOT_AVAILABLE_IN_FROZEN_SOURCE,NOT_FORMALLY_ADMITTED,NOT_AVAILABLE_IN_FROZEN_SOURCE
V2-CMP-129,cDOPA5GT CDS,cds,AB182643.1,"{""crosses_origin"": false, ""end_one_based_inclusive"": 1524, ""extraction"": ""zero-based half-open slice from parsed GenBank record"", ""feature_label"": ""cDOPA5GT"", ""feature_type"": ""CDS"", ""method"": ""GenBank feature coordinates"", ""reverse_complemented"": false, ""start_one_based"": 22, ""strand"": ""+""}",USER_SEQUENCE_ASSISTED,NOT_AVAILABLE_IN_FROZEN_SOURCE,NOT_FORMALLY_ADMITTED,NOT_AVAILABLE_IN_FROZEN_SOURCE
V2-CMP-130,CYP76AD1 CDS,cds,HQ656023.1,"{""crosses_origin"": false, ""end_one_based_inclusive"": 1752, ""extraction"": ""zero-based half-open slice from parsed GenBank record"", ""feature_label"": ""CYP76AD1"", ""feature_type"": ""CDS"", ""method"": ""GenBank feature coordinates"", ""reverse_complemented"": false, ""start_one_based"": 259, ""strand"": ""+""}",USER_SEQUENCE_ASSISTED,NOT_AVAILABLE_IN_FROZEN_SOURCE,NOT_FORMALLY_ADMITTED,NOT_AVAILABLE_IN_FROZEN_SOURCE
V2-CMP-131,DODA1 CDS,cds,HQ656027.1,"{""crosses_origin"": false, ""end_one_based_inclusive"": 887, ""extraction"": ""zero-based half-open slice from parsed GenBank record"", ""feature_label"": ""DODA1"", ""feature_type"": ""CDS"", ""method"": ""GenBank feature coordinates"", ""reverse_complemented"": false, ""start_one_based"": 60, ""strand"": ""+""}",USER_SEQUENCE_ASSISTED,NOT_AVAILABLE_IN_FROZEN_SOURCE,NOT_FORMALLY_ADMITTED,NOT_AVAILABLE_IN_FROZEN_SOURCE
V2-CMP-132,gusA reporter CDS,cds,AF485783.1,NOT_AVAILABLE_IN_FROZEN_SOURCE,REFERENCE_ONLY,NOT_AVAILABLE_IN_FROZEN_SOURCE,NOT_FORMALLY_ADMITTED,NOT_AVAILABLE_IN_FROZEN_SOURCE
V2-CMP-133,hptII selectable marker CDS,cds,AF234296.1,NOT_AVAILABLE_IN_FROZEN_SOURCE,REFERENCE_ONLY,NOT_AVAILABLE_IN_FROZEN_SOURCE,NOT_FORMALLY_ADMITTED,NOT_AVAILABLE_IN_FROZEN_SOURCE
V2-CMP-134,nptII selectable marker CDS,cds,AF485783.1,NOT_AVAILABLE_IN_FROZEN_SOURCE,REFERENCE_ONLY,NOT_AVAILABLE_IN_FROZEN_SOURCE,NOT_FORMALLY_ADMITTED,NOT_AVAILABLE_IN_FROZEN_SOURCE
V2-CMP-135,synthetic GFP reporter CDS,cds,DQ370426.1,NOT_AVAILABLE_IN_FROZEN_SOURCE,REFERENCE_ONLY,NOT_AVAILABLE_IN_FROZEN_SOURCE,NOT_FORMALLY_ADMITTED,NOT_AVAILABLE_IN_FROZEN_SOURCE
V2-CMP-136,CaMV 35S promoter,promoter,AF485783.1,NOT_AVAILABLE_IN_FROZEN_SOURCE,REFERENCE_ONLY,NOT_AVAILABLE_IN_FROZEN_SOURCE,NOT_FORMALLY_ADMITTED,NOT_AVAILABLE_IN_FROZEN_SOURCE
V2-CMP-137,Duplicated CaMV 35S promoter (758 bp feature),promoter,DQ370426.1,NOT_AVAILABLE_IN_FROZEN_SOURCE,REFERENCE_ONLY,NOT_AVAILABLE_IN_FROZEN_SOURCE,NOT_FORMALLY_ADMITTED,NOT_AVAILABLE_IN_FROZEN_SOURCE
V2-CMP-138,Tomato E8 promoter (2164 bp feature),promoter,KJ561284.1,"{'method': 'GenBank regulatory feature coordinates', 'feature_type': 'regulatory', 'feature_label': 'E8 tomato fruit specific promoter', 'strand': '+', 'start_one_based': 1, 'end_one_based_inclusive': 2164, 'crosses_origin': False, 'reverse_complemented': False, 'extraction': 'zero-based half-open slice from parsed GenBank record'}",DIRECT_USE,NOT_AVAILABLE_IN_FROZEN_SOURCE,FORMALLY_ADMITTED,NOT_AVAILABLE_IN_FROZEN_SOURCE
V2-CMP-139,FMV 34S promoter region (554 bp deposited fragment),promoter,X16673.1,NOT_AVAILABLE_IN_FROZEN_SOURCE,REFERENCE_ONLY,NOT_AVAILABLE_IN_FROZEN_SOURCE,NOT_FORMALLY_ADMITTED,NOT_AVAILABLE_IN_FROZEN_SOURCE
V2-CMP-140,Vicia faba legumin B LeB4 upstream region,promoter,X03677.1,NOT_AVAILABLE_IN_FROZEN_SOURCE,REFERENCE_ONLY,NOT_AVAILABLE_IN_FROZEN_SOURCE,NOT_FORMALLY_ADMITTED,NOT_AVAILABLE_IN_FROZEN_SOURCE
V2-CMP-141,AtRD29A promoter region (824 bp deposited record),promoter,AY973635.1,NOT_AVAILABLE_IN_FROZEN_SOURCE,RETIRED,NOT_AVAILABLE_IN_FROZEN_SOURCE,NOT_FORMALLY_ADMITTED,NOT_AVAILABLE_IN_FROZEN_SOURCE
V2-CMP-142,ZmUbi1 promoter region (deposited 2015 bp fragment),promoter,JX947345.1,NOT_AVAILABLE_IN_FROZEN_SOURCE,REFERENCE_ONLY,NOT_AVAILABLE_IN_FROZEN_SOURCE,NOT_FORMALLY_ADMITTED,NOT_AVAILABLE_IN_FROZEN_SOURCE
V2-CMP-143,AtUBQ10 promoter (636 bp minimal fragment),promoter,HQ693235.1,"{""crosses_origin"": false, ""end_one_based_inclusive"": 636, ""extraction"": ""zero-based half-open slice from parsed GenBank record"", ""feature_label"": ""UBQ10 promoter"", ""feature_type"": ""regulatory"", ""method"": ""GenBank feature coordinates"", ""reverse_complemented"": false, ""start_one_based"": 1, ""strand"": ""+""}",USER_SEQUENCE_ASSISTED,NOT_AVAILABLE_IN_FROZEN_SOURCE,NOT_FORMALLY_ADMITTED,NOT_AVAILABLE_IN_FROZEN_SOURCE
V2-CMP-144,Arabidopsis HSP18.2 terminator (250 bp feature),three_prime_regulatory_region,PP558908.1,"{'method': 'GenBank regulatory terminator feature coordinates', 'feature_type': 'regulatory', 'feature_label': 'HSP18.2 terminator', 'strand': '+', 'start_one_based': 852, 'end_one_based_inclusive': 1101, 'crosses_origin': False, 'reverse_complemented': False, 'extraction': 'zero-based half-open slice from parsed GenBank record'}",DIRECT_USE,NOT_AVAILABLE_IN_FROZEN_SOURCE,FORMALLY_ADMITTED,NOT_AVAILABLE_IN_FROZEN_SOURCE
V2-CMP-145,OCS terminator (723 bp patent sequence),terminator,MP385296.1,NOT_AVAILABLE_IN_FROZEN_SOURCE,REFERENCE_ONLY,NOT_AVAILABLE_IN_FROZEN_SOURCE,NOT_FORMALLY_ADMITTED,NOT_AVAILABLE_IN_FROZEN_SOURCE
V2-CMP-146,Pea rbcS E9 terminator (295 bp feature),terminator,AF309825.2,NOT_AVAILABLE_IN_FROZEN_SOURCE,REFERENCE_ONLY,NOT_AVAILABLE_IN_FROZEN_SOURCE,NOT_FORMALLY_ADMITTED,NOT_AVAILABLE_IN_FROZEN_SOURCE
V2-CMP-147,pBIN19 complete binary-vector source,vector_backbone,U09365.1,NOT_AVAILABLE_IN_FROZEN_SOURCE,REFERENCE_ONLY,NOT_AVAILABLE_IN_FROZEN_SOURCE,NOT_FORMALLY_ADMITTED,NOT_AVAILABLE_IN_FROZEN_SOURCE
V2-CMP-148,pCAMBIA-1300 complete binary-vector source,vector_backbone,AF234296.1,NOT_AVAILABLE_IN_FROZEN_SOURCE,REFERENCE_ONLY,NOT_AVAILABLE_IN_FROZEN_SOURCE,NOT_FORMALLY_ADMITTED,NOT_AVAILABLE_IN_FROZEN_SOURCE
V2-CMP-149,pCsGFPBT complete binary-vector source,vector_backbone,DQ370426.1,NOT_AVAILABLE_IN_FROZEN_SOURCE,REFERENCE_ONLY,NOT_AVAILABLE_IN_FROZEN_SOURCE,NOT_FORMALLY_ADMITTED,NOT_AVAILABLE_IN_FROZEN_SOURCE
V2-CMP-150,pGWB8 complete Gateway binary-vector source,vector_backbone,AB289771.1,NOT_AVAILABLE_IN_FROZEN_SOURCE,REFERENCE_ONLY,NOT_AVAILABLE_IN_FROZEN_SOURCE,NOT_FORMALLY_ADMITTED,NOT_AVAILABLE_IN_FROZEN_SOURCE
V2-CMP-151,pPZP201 complete binary-vector source,vector_backbone,U10489.1,NOT_AVAILABLE_IN_FROZEN_SOURCE,RETIRED,NOT_AVAILABLE_IN_FROZEN_SOURCE,NOT_FORMALLY_ADMITTED,NOT_AVAILABLE_IN_FROZEN_SOURCE
V2-EXT-R1-002,Arabidopsis RPS5A promoter fragment (pJOG603),promoter,pJOG603; TAIR:AT3G11940,EXACT_ANNOTATED_FEATURE [538:2197](+); zero ambiguous bases,DIRECT_USE,NOT_AVAILABLE_IN_FROZEN_SOURCE,NOT_FORMALLY_ADMITTED,NOT_AVAILABLE_IN_FROZEN_SOURCE
V2-EXT-R1-003,Arabidopsis DD45 promoter fragment (pJOG301),promoter,pJOG301; TAIR:AT2G21740,EXACT_ANNOTATED_FEATURE [2235:3204](+); zero ambiguous bases,DIRECT_USE,NOT_AVAILABLE_IN_FROZEN_SOURCE,NOT_FORMALLY_ADMITTED,NOT_AVAILABLE_IN_FROZEN_SOURCE
V2-EXT-R1-004,EC1.1/EC1.2 egg-cell promoter fusion module (pAGM28521),promoter,pAGM28521,EXACT_ANNOTATED_FEATURE [2137:3487](+); zero ambiguous bases,DIRECT_USE,NOT_AVAILABLE_IN_FROZEN_SOURCE,NOT_FORMALLY_ADMITTED,NOT_AVAILABLE_IN_FROZEN_SOURCE
V2-EXT-R1-005,Arabidopsis AP1 promoter fragment (pJOG299),promoter,pJOG299; TAIR:AT1G69120,EXACT_ANNOTATED_FEATURE [2235:3610](+); zero ambiguous bases,DIRECT_USE,NOT_AVAILABLE_IN_FROZEN_SOURCE,NOT_FORMALLY_ADMITTED,NOT_AVAILABLE_IN_FROZEN_SOURCE
V2-EXT-R1-006,Arabidopsis PR1 promoter fragment (pJOG010),promoter,pJOG010; TAIR:AT2G14610,EXACT_ANNOTATED_FEATURE [2235:3412](+); zero ambiguous bases,DIRECT_USE,NOT_AVAILABLE_IN_FROZEN_SOURCE,NOT_FORMALLY_ADMITTED,NOT_AVAILABLE_IN_FROZEN_SOURCE
V2-EXT-R1-022,LexA operator/35S minimal promoter response module (pTEI036),promoter,pTEI036,EXACT_COMPOSITE_BOUNDARY [538:889](+); LexA operator and -46/+12 35S regulatory features annotated; zero ambiguous bases,DIRECT_USE,NOT_AVAILABLE_IN_FROZEN_SOURCE,NOT_FORMALLY_ADMITTED,NOT_AVAILABLE_IN_FROZEN_SOURCE
V2-EXT-R1-023,6xGAL4 UAS/35S minimal promoter response module (pTEI042),promoter,pTEI042,EXACT_COMPOSITE_BOUNDARY [565:805](+); six UAS features and minimal promoter annotated; zero ambiguous bases,DIRECT_USE,NOT_AVAILABLE_IN_FROZEN_SOURCE,NOT_FORMALLY_ADMITTED,NOT_AVAILABLE_IN_FROZEN_SOURCE
V2-EXT-R1-025,Capsicum annuum Bs3 response promoter module (pJOG535),promoter,pJOG535,EXACT_ANNOTATED_PROMOTER_FEATURE [538:1550](+); zero ambiguous bases,DIRECT_USE,NOT_AVAILABLE_IN_FROZEN_SOURCE,NOT_FORMALLY_ADMITTED,NOT_AVAILABLE_IN_FROZEN_SOURCE
V2-EXT-R1-029,GVG glucocorticoid-responsive transactivator CDS1 module (pJOG641),cds,pJOG641,EXACT_ANNOTATED_CDS [324:1638](+); zero ambiguous bases,DIRECT_USE,NOT_AVAILABLE_IN_FROZEN_SOURCE,NOT_FORMALLY_ADMITTED,NOT_AVAILABLE_IN_FROZEN_SOURCE
V2-EXT-R1-030,XVE estrogen-responsive transactivator CDS1 module (pTEI039),cds,pTEI039; protein AAG36984.1,EXACT_ANNOTATED_XVE_CDS [324:1776](+); zero ambiguous bases,DIRECT_USE,NOT_AVAILABLE_IN_FROZEN_SOURCE,NOT_FORMALLY_ADMITTED,NOT_AVAILABLE_IN_FROZEN_SOURCE
V2-EXT-R1-031,NTF INTACT nuclear-tagging fusion CDS1 module (pJOG536),cds,pJOG536,"EXACT_LEVEL0_COMPOSITE_INSERT [324:1472](+); RanGAP1, mEGFP, and BLRP subfeatures annotated; zero ambiguous bases",DIRECT_USE,NOT_AVAILABLE_IN_FROZEN_SOURCE,NOT_FORMALLY_ADMITTED,NOT_AVAILABLE_IN_FROZEN_SOURCE
V2-EXT-R1-036,C-terminal 6xHA/Twin-Strep composite tag module (pJOG331),cds,pJOG331,EXACT_COMPOSITE_TAG_BOUNDARY [354:641](+); 6xHA and Twin-Strep subfeatures annotated; zero ambiguous bases,DIRECT_USE,NOT_AVAILABLE_IN_FROZEN_SOURCE,NOT_FORMALLY_ADMITTED,NOT_AVAILABLE_IN_FROZEN_SOURCE
V2-EXT-R2-001,Arabidopsis UBQ10 3-prime regulatory region (T_AtUbq10 published string),three_prime_regulatory_region,NOT_AVAILABLE_IN_FROZEN_SOURCE,EXACT_PUBLISHED_STRING_BOUNDARY,DIRECT_USE,NOT_AVAILABLE_IN_FROZEN_SOURCE,NOT_FORMALLY_ADMITTED,NOT_AVAILABLE_IN_FROZEN_SOURCE
V2-EXT-R2-007,Agrobacterium agropine synthase 3-prime regulatory region (T_ags published string),three_prime_regulatory_region,NOT_AVAILABLE_IN_FROZEN_SOURCE,EXACT_PUBLISHED_STRING_BOUNDARY,DIRECT_USE,NOT_AVAILABLE_IN_FROZEN_SOURCE,NOT_FORMALLY_ADMITTED,NOT_AVAILABLE_IN_FROZEN_SOURCE
V2-EXT-R2-012,GR-LhG4 transactivator Level 0 CDS module (pGGC018 boundary in pTT135),cds,NOT_AVAILABLE_IN_FROZEN_SOURCE,EXACT_SOURCE_BOUNDARY_REPRODUCED_BETWEEN_D_AND_C_OVERHANGS,DIRECT_USE,NOT_AVAILABLE_IN_FROZEN_SOURCE,NOT_FORMALLY_ADMITTED,NOT_AVAILABLE_IN_FROZEN_SOURCE
V2-EXT-R2-013,CPMV-HT 5-prime untranslated leader,five_prime_utr,NOT_AVAILABLE_IN_FROZEN_SOURCE,SOURCE_DEFINED_CPMV_HT_5_PRIME_LEADER_IDENTITY; exact user-supplied module boundary required,USER_SEQUENCE_ASSISTED,NOT_AVAILABLE_IN_FROZEN_SOURCE,NOT_FORMALLY_ADMITTED,NOT_AVAILABLE_IN_FROZEN_SOURCE
V2-EXT-R2-014,Alfalfa mosaic virus RNA4 5-prime untranslated leader,five_prime_utr,NOT_AVAILABLE_IN_FROZEN_SOURCE,UNAMBIGUOUS_AMV_RNA4_5_PRIME_LEADER_IDENTITY; exact user-supplied module boundary required,USER_SEQUENCE_ASSISTED,NOT_AVAILABLE_IN_FROZEN_SOURCE,NOT_FORMALLY_ADMITTED,NOT_AVAILABLE_IN_FROZEN_SOURCE
V2-EXT-R2-015,Escherichia coli manA phosphomannose isomerase selectable-marker CDS,cds,NOT_AVAILABLE_IN_FROZEN_SOURCE,UNAMBIGUOUS manA/PMI CDS IDENTITY; exact allele and user-supplied CDS boundary required,USER_SEQUENCE_ASSISTED,NOT_AVAILABLE_IN_FROZEN_SOURCE,NOT_FORMALLY_ADMITTED,NOT_AVAILABLE_IN_FROZEN_SOURCE
V2-EXT-R2-016,Arabidopsis csr1-1 mutant acetolactate synthase selectable-marker allele,cds,NOT_AVAILABLE_IN_FROZEN_SOURCE,SOURCE_DEFINED_MUTANT_ARABIDOPSIS_ALS_MARKER_IDENTITY; exact csr1-1 allele bytes and CDS boundary required,USER_SEQUENCE_ASSISTED,NOT_AVAILABLE_IN_FROZEN_SOURCE,NOT_FORMALLY_ADMITTED,NOT_AVAILABLE_IN_FROZEN_SOURCE
V2-EXT-R2-017,Rhodotorula gracilis DAO1 D-amino acid oxidase conditional selectable-marker CDS,cds,NOT_AVAILABLE_IN_FROZEN_SOURCE,UNAMBIGUOUS Rhodotorula gracilis DAO1 CDS IDENTITY; exact user-supplied CDS boundary required,USER_SEQUENCE_ASSISTED,NOT_AVAILABLE_IN_FROZEN_SOURCE,NOT_FORMALLY_ADMITTED,NOT_AVAILABLE_IN_FROZEN_SOURCE
