component_id,accession_version,source_record,source_record_sha256,evidence_level,redistribution_status
PCLV1-PRO-35S-835,AF485783.1,data/plant_component_registry_v1/source_records/AF485783.1.gb,7301abcf3146e14cd4826a8c8b7f44d65a0b03b0f642695f6d8277ea56d733d7,E1,PUBLIC_NCBI_RECORD_NEEDS_REVIEW
PCLV1-3REG-NOS-256,AF485783.1,data/plant_component_registry_v1/source_records/AF485783.1.gb,7301abcf3146e14cd4826a8c8b7f44d65a0b03b0f642695f6d8277ea56d733d7,E1,PUBLIC_NCBI_RECORD_NEEDS_REVIEW
PCLV1-3REG-NOS-253,AF485783.1,data/plant_component_registry_v1/source_records/AF485783.1.gb,7301abcf3146e14cd4826a8c8b7f44d65a0b03b0f642695f6d8277ea56d733d7,E1,PUBLIC_NCBI_RECORD_NEEDS_REVIEW
PCLV1-CDS-NPTII,AF485783.1,data/plant_component_registry_v1/source_records/AF485783.1.gb,7301abcf3146e14cd4826a8c8b7f44d65a0b03b0f642695f6d8277ea56d733d7,E1,PUBLIC_NCBI_RECORD_NEEDS_REVIEW
PCLV1-CDS-GUSA,AF485783.1,data/plant_component_registry_v1/source_records/AF485783.1.gb,7301abcf3146e14cd4826a8c8b7f44d65a0b03b0f642695f6d8277ea56d733d7,E1,PUBLIC_NCBI_RECORD_NEEDS_REVIEW
PCLV1-CDS-CYP76AD1,HQ656023.1,data/plant_component_registry_v1/source_records/HQ656023.1.gb,b541b6b132fba98ba7b9ee6ed56f37aafd1565c44e138a87116b7198efe16590,E1,PUBLIC_NCBI_RECORD_NEEDS_REVIEW
PCLV1-CDS-DODA1,HQ656027.1,data/plant_component_registry_v1/source_records/HQ656027.1.gb,7be76a1ec62db527aacd9d3719b57cee46d8eabe84dfc871c579e9f1bb04fecc,E1,PUBLIC_NCBI_RECORD_NEEDS_REVIEW
PCLV1-CDS-CDOPA5GT,AB182643.1,data/plant_component_registry_v1/source_records/AB182643.1.gb,00181b8cb48e2f9d19cedd7f3fe9055425f7e930a39ae7e62ee617531014b927,E1,PUBLIC_NCBI_RECORD_NEEDS_REVIEW
PCLV1-PRO-UBQ10,HQ693235.1,data/plant_component_registry_v1/source_records/HQ693235.1.gb,5e20eb0c773738349f1a74b661d7282be2aeb057196e2953525f6ba885de0e84,E1,PUBLIC_NCBI_RECORD_RIGHTS_CAVEAT_RECORDED
PCLV1-PRO-UBI1,JX947345.1,data/plant_component_registry_v1/source_records/JX947345.1.gb,0655627210b173aa0c321300f40baf1f78770f0615825c6d8f8b5e85234e25fb,E2,PUBLIC_NCBI_RECORD_RIGHTS_CAVEAT_RECORDED
PCLV1-TER-OCS,MP385296.1,data/plant_component_registry_v1/source_records/MP385296.1.gb,fc1a0e08e2f0d85c47ad3ba1bc5c5414d2e841ebb46f34b72068859d77996d2a,E2,PUBLIC_NCBI_RECORD_RIGHTS_CAVEAT_RECORDED
PCLV1-VEC-PBIN19,U09365.1,data/plant_component_registry_v1/source_records/U09365.1.gb,d0b13b3534d70e35c028f0bf3f0f22b5d3d638a5f0022e4b249a90201057e7ca,E1,PUBLIC_NCBI_RECORD_RIGHTS_CAVEAT_RECORDED
PCLV1-PRO-FMVT,X16673.1,data/plant_component_registry_v1/source_records/X16673.1.gb,4f6c9cdb3eab9b13e324645c922880fb6f7713b3d9e59303cade00275a00425e,E2,PUBLIC_NCBI_RECORD_RIGHTS_CAVEAT_RECORDED
PCLV1-PRO-35S2-758,DQ370426.1,data/plant_component_registry_v1/source_records/DQ370426.1.gb,ca9dfdbef350563ee4d450069bd18600e47ff76145ea0b47b033b464f9bfb133,E1,PUBLIC_NCBI_RECORD_RIGHTS_CAVEAT_RECORDED
PCLV1-PRO-RD29A-824,AY973635.1,data/plant_component_registry_v1/source_records/AY973635.1.gb,a005b791ed3b6e944d981f33d8c029f893baa1aa176c8e80df0e7178ab454085,E2,PUBLIC_NCBI_RECORD_RIGHTS_CAVEAT_RECORDED
PCLV1-PRO-E8-2164,KJ561284.1,data/plant_component_registry_v1/source_records/KJ561284.1.gb,010afc851758dfbde711ac156102cfd22993bb4a47df870d4040c1cce50e5089,E1,PUBLIC_NCBI_RECORD_RIGHTS_CAVEAT_RECORDED
PCLV1-PRO-LEB4-2697,X03677.1,data/plant_component_registry_v1/source_records/X03677.1.gb,e70e001f00286356f2e7b5cfb41e33ee1bb237807ac8a804eb726c38c649f5a6,E2,PUBLIC_NCBI_RECORD_RIGHTS_CAVEAT_RECORDED
PCLV1-5UTR-E8-39,KJ561284.1,data/plant_component_registry_v1/source_records/KJ561284.1.gb,010afc851758dfbde711ac156102cfd22993bb4a47df870d4040c1cce50e5089,E1,PUBLIC_NCBI_RECORD_RIGHTS_CAVEAT_RECORDED
PCLV1-5UTR-TEV-136,DQ370426.1,data/plant_component_registry_v1/source_records/DQ370426.1.gb,ca9dfdbef350563ee4d450069bd18600e47ff76145ea0b47b033b464f9bfb133,E1,PUBLIC_NCBI_RECORD_RIGHTS_CAVEAT_RECORDED
PCLV1-5UTR-CYP76AD1-258,HQ656023.1,data/plant_component_registry_v1/source_records/HQ656023.1.gb,b541b6b132fba98ba7b9ee6ed56f37aafd1565c44e138a87116b7198efe16590,E2,PUBLIC_NCBI_RECORD_RIGHTS_CAVEAT_RECORDED
PCLV1-5UTR-DODA1-59,HQ656027.1,data/plant_component_registry_v1/source_records/HQ656027.1.gb,7be76a1ec62db527aacd9d3719b57cee46d8eabe84dfc871c579e9f1bb04fecc,E2,PUBLIC_NCBI_RECORD_RIGHTS_CAVEAT_RECORDED
PCLV1-5UTR-CDOPA5GT-21,AB182643.1,data/plant_component_registry_v1/source_records/AB182643.1.gb,00181b8cb48e2f9d19cedd7f3fe9055425f7e930a39ae7e62ee617531014b927,E2,PUBLIC_NCBI_RECORD_RIGHTS_CAVEAT_RECORDED
PCLV1-3REG-CAMV35S-212,DQ370426.1,data/plant_component_registry_v1/source_records/DQ370426.1.gb,ca9dfdbef350563ee4d450069bd18600e47ff76145ea0b47b033b464f9bfb133,E1,PUBLIC_NCBI_RECORD_RIGHTS_CAVEAT_RECORDED
PCLV1-3REG-E8-140,X13437.1,data/plant_component_registry_v1/source_records/X13437.1.gb,ab4e2ce91ebd62f0fce9853eb3849def221bd076d6597fa84bbf350f212f74ce,E2,PUBLIC_NCBI_RECORD_RIGHTS_CAVEAT_RECORDED
PCLV1-3REG-LEB4-123,X03677.1,data/plant_component_registry_v1/source_records/X03677.1.gb,e70e001f00286356f2e7b5cfb41e33ee1bb237807ac8a804eb726c38c649f5a6,E2,PUBLIC_NCBI_RECORD_RIGHTS_CAVEAT_RECORDED
PCLV1-TER-HSP18-2-250,PP558908.1,data/plant_component_registry_v1/source_records/PP558908.1.gb,521467bde8978a3e02115b2e5ef6e205700e016b7ee31c44da92ffb39d00dfc9,E1,PUBLIC_NCBI_RECORD_RIGHTS_CAVEAT_RECORDED
PCLV1-TER-RBCS-E9-295,AF309825.2,data/plant_component_registry_v1/source_records/AF309825.2.gb,53d3c9d6a8ac1604fd245a25257d8b77bfd685fc8d20bdc7947bcafc897a79f4,E1,PUBLIC_NCBI_RECORD_RIGHTS_CAVEAT_RECORDED
PCLV1-CDS-HPTII,AF234296.1,data/plant_component_registry_v1/source_records/AF234296.1.gb,7fbadcf1bb92d69d38a553bcfaedf4f12349706c4db5fb0f508f2e2c831c9d95,E1,PUBLIC_NCBI_RECORD_RIGHTS_CAVEAT_RECORDED
PCLV1-CDS-BAR,X17220.1,data/plant_component_registry_v1/source_records/X17220.1.gb,0ee9ffd99575cff183e6e6e6926d683a0574146bd0fdbb00b7320adbc99db77b,E1,PUBLIC_NCBI_RECORD_RIGHTS_CAVEAT_RECORDED
PCLV1-CDS-SGFP,DQ370426.1,data/plant_component_registry_v1/source_records/DQ370426.1.gb,ca9dfdbef350563ee4d450069bd18600e47ff76145ea0b47b033b464f9bfb133,E1,PUBLIC_NCBI_RECORD_RIGHTS_CAVEAT_RECORDED
PCLV1-VEC-PCAMBIA1300,AF234296.1,data/plant_component_registry_v1/source_records/AF234296.1.gb,7fbadcf1bb92d69d38a553bcfaedf4f12349706c4db5fb0f508f2e2c831c9d95,E1,PUBLIC_NCBI_RECORD_RIGHTS_CAVEAT_RECORDED
PCLV1-VEC-PPZP201,U10489.1,data/plant_component_registry_v1/source_records/U10489.1.gb,8a00615905fc34362b691cddf2a3ec42ac92489193e331831b3ae3197d9dd346,E1,PUBLIC_NCBI_RECORD_RIGHTS_CAVEAT_RECORDED
PCLV1-VEC-PCSGFPBT,DQ370426.1,data/plant_component_registry_v1/source_records/DQ370426.1.gb,ca9dfdbef350563ee4d450069bd18600e47ff76145ea0b47b033b464f9bfb133,E1,PUBLIC_NCBI_RECORD_RIGHTS_CAVEAT_RECORDED
PCLV1-VEC-PGWB8,AB289771.1,data/plant_component_registry_v1/source_records/AB289771.1.gb,b4650acf84fcd7d7ed430dbc412234d29eda0a970f1a2f88f782bff2feeba2fe,E1,PUBLIC_NCBI_RECORD_RIGHTS_CAVEAT_RECORDED
